<?xml version="1.0" encoding="UTF-8"?>

<beans xmlns="http://www.springframework.org/schema/beans"
	xmlns:xsi="http://www.w3.org/2001/XMLSchema-instance" xmlns:aop="http://www.springframework.org/schema/aop"
	xsi:schemaLocation="http://www.springframework.org/schema/beans
           http://www.springframework.org/schema/beans/spring-beans-2.5.xsd
           http://www.springframework.org/schema/aop
           http://www.springframework.org/schema/aop/spring-aop-2.5.xsd">

           <bean id="Country" class="com.arvatosystems.us.training.Lists">
           <property name="India" value="India"></property>
           <property name="Malaysia" value="Malaysia"></property>
           <property name="Kuala Lumpur" value="Malaysia"></property>
           </bean>
           
           
</beans>